<?xml version="1.0" encoding="UTF-8"?>
<sdkExtension
	xmlns="http://www.sap.com/bi/zen/sdk"
	id="com.sap.sample.exceptionicon"
	title="Design Studio SDK Extension Sample Exception Icon"
	version="15.0"
	vendor="SAP">
	<component
		id="ExceptionIcon"
		title="Exception Icon"
		icon="res/exceptionicon.gif"
		handlerType="div"
		databound="true">
		<jsInclude>res/js/exceptionicon.js</jsInclude>
		<property
			id="cell"
			title="Data Value"
			type="ResultCell"
			group="DataBinding">
			<option name="fillMetadataProperty" value="false"/>
			<option name="includeTuples" value="false"/>
		</property>
		<property
			id="icongreen"
			title="Icon Green"
			type="Url"
			bindable="true"/>
		<property
			id="iconyellow"
			title="Icon Yellow"
			type="Url"
			bindable="true"/>
		<property
			id="iconred"
			title="Icon Red"
			type="Url"
			bindable="true"/>
		<property
			id="valueicongreen"
			title="Value Icon Green"
			type="float"
			bindable="true"/>
		<property
			id="valueiconyellow"
			title="Value Icon Yellow"
			type="float"
			bindable="true"/>
		<property
			id="valueiconred"
			title="Value Icon Red"
			type="float"
			bindable="true"/>
		<property
			id="exactmatch"
			title="Exact Match"
			type="boolean"
			bindable="true"/>
		<property
			id="onclick"
			title="On Click"
			type="ScriptText"
			group="Events"/>
		<initialization>
			<defaultValue property="LEFT_MARGIN">40</defaultValue>
			<defaultValue property="TOP_MARGIN">40</defaultValue>
			<defaultValue property="WIDTH">15</defaultValue>
			<defaultValue property="HEIGHT">15</defaultValue>
			<defaultValue property="exactmatch">false</defaultValue>
		</initialization>
	</component>
</sdkExtension>
