<?xml version="1.0" encoding="UTF-8"?>
<sdkExtension
	xmlns="http://www.sap.com/bi/zen/sdk"
	id="com.sap.sample.jsongrabber"
	title="Design Studio SDK Extension Sample JSON Grabber"
	version="15.0"
	vendor="SAP">
	<component
		id="JsonGrabber"
		title="JSON Grabber"
		tooltip="Displays the Meta-data and Data Run-time JSON of its data-bound properties"
		icon="res/icon.png"
		handlerType="div"
		propertySheetPath="res/additional_properties_sheet/additional_properties_sheet.html"
		databound="true">
		<jsInclude>res/js/component.js</jsInclude>
		<property
			id="showPropertyType"
			title="Show Data-Bound Property"
			type="String"
			tooltip="Show the selected data-bound property"
			group="Display">
			<possibleValue>ResultCell</possibleValue>
			<possibleValue>ResultCellList</possibleValue>
			<possibleValue>ResultCellSet</possibleValue>
			<possibleValue>ResultSet</possibleValue>
		</property>
		<property
			id="isPrettyPrint"
			title="Pretty Print"
			type="boolean"
			group="Display"
			bindable="true"/>
		<property
			id="dataResultCell"
			title="ResultCell"
			type="ResultCell"
			tooltip="Holds a reference to a result cell"
			group="DataBinding"/>
		<property
			id="dataResultCellList"
			title="ResultCellList"
			type="ResultCellList"
			tooltip="Holds a reference to a result cell list"
			group="DataBinding"/>
		<property
			id="dataResultCellSet"
			title="ResultCellSet"
			type="ResultCellSet"
			tooltip="Holds a reference to a result cell set"
			group="DataBinding"/>
		<property
			id="dataResultSet"
			title="ResultSet"
			type="ResultSet"
			tooltip="Holds a reference to a result set"
			group="DataBinding"/>
		<initialization>
			<defaultValue property="LEFT_MARGIN">40</defaultValue>
			<defaultValue property="TOP_MARGIN">40</defaultValue>
			<defaultValue property="WIDTH">400</defaultValue>
			<defaultValue property="HEIGHT">400</defaultValue>
			<defaultValue property="isPrettyPrint">false</defaultValue>
			<defaultValue property="showPropertyType">ResultSet</defaultValue>
		</initialization>
	</component>
</sdkExtension>
