<?xml version="1.0" encoding="UTF-8"?>
<sdkExtension
	xmlns="http://www.sap.com/bi/zen/sdk"
	id="com.sap.sample.simplecrosstab"
	title="Design Studio SDK Extension Sample Simple Crosstab"
	version="15.0"
	vendor="SAP">
	<component
		id="SimpleCrosstab"
		title="Simple Crosstab"
		icon="res/icon.png"
		handlerType="div"
		databound="true">
		<jsInclude>res/js/component.js</jsInclude>
		<property
			id="data"
			title="Data Selection"
			type="ResultSet"
			group="DataBinding">
			<option name="includeFormattedData" value="true"/>
			<option name="includeData" value="false"/>
      <option name="includeAttributes" value="true"/>
      <option name="includeConditionalFormats" value="true"/>
		</property>
		<property
			id="visSelection"
			title="Visual Selection"
			type="String"
			visible="false"/>
		<property
			id="onSelect"
			title="On Select"
			type="ScriptText"
			group="Events"/>
		<initialization>
			<defaultValue property="LEFT_MARGIN">40</defaultValue>
			<defaultValue property="TOP_MARGIN">40</defaultValue>
			<defaultValue property="WIDTH">150</defaultValue>
			<defaultValue property="HEIGHT">200</defaultValue>
		</initialization>
	</component>
</sdkExtension>
