<?xml version="1.0" encoding="UTF-8"?>
<sdkExtension
	xmlns="http://www.sap.com/bi/zen/sdk"
	id="com.sap.sample.audio"
	title="Design Studio SDK Extension Sample Audio"
	version="15.0"
	vendor="SAP">
	<component
		id="Audio"
		title="Audio"
		tooltip="Audio"
		icon="res/audio.png">
		<jsInclude>res/js/audio.js</jsInclude>
		<property
			id="src"
			title="Audio URL"
			type="Url"
			visible="false"
			bindable="true"/>
		<initialization>
			<defaultValue property="LEFT_MARGIN">40</defaultValue>
			<defaultValue property="TOP_MARGIN">40</defaultValue>		
			<defaultValue property="WIDTH">32</defaultValue>
			<defaultValue property="HEIGHT">32</defaultValue>
		</initialization>
	</component>
</sdkExtension>
