<?xml version="1.0" encoding="UTF-8"?>
<sdkExtension
	xmlns="http://www.sap.com/bi/zen/sdk"
	id="com.sap.sample.kpitile"
	title="Design Studio SDK Extension Sample KPI Tile"
	version="15.0"
	vendor="SAP">
	<component
		id="KpiTile"
		title="KPI Tile"
		icon="res/kpitile.png"
		handlerType="div"
		databound="true">
		<stdInclude kind="cvom"/>
		<jsInclude>res/js/kpitile.js</jsInclude>
		<property
			id="data"
			title="Data Value"
			type="ResultCell"
			group="DataBinding">
			<option name="includeTuples" value="false"/>
		</property>
		<property
			id="headerText"
			title="Header"
			type="String"
			group="Display"
			bindable="true"/>
		<property
			id="headerVisible"
			title="Header Visible"
			type="boolean"
			group="Display"
			bindable="true"/>
		<property
			id="headerCssClass"
			title="Header CSS Class"
			type="String"
			group="Display"
			bindable="true"/>
		<property
			id="titleText"
			title="Title"
			type="String"
			group="Display"
			bindable="true"/>
		<property
			id="titleCssClass"
			title="Title CSS Class"
			type="String"
			group="Display"
			bindable="true"/>
		<property
			id="valuePrefixText"
			title="Value Prefix"
			type="String"
			group="Display"
			bindable="true"/>
		<property
			id="valuePrefixPosition"
			title="Value Prefix Position"
			type="String"
			group="Display">
			<possibleValue>superscript</possibleValue>
			<possibleValue>normal</possibleValue>
			<possibleValue>subscript</possibleValue>
		</property>
		<property
			id="valuePrefixCssClass"
			title="Value Prefix CSS Class"
			type="String"
			group="Display"
			bindable="true"/>
		<property
			id="valueText"
			title="Value"
			type="String"
			group="Display"
			bindable="true"/>
		<property
			id="valueCssClass"
			title="Value CSS Class"
			type="String"
			group="Display"
			bindable="true"/>
		<property
			id="valueHAlign"
			title="Value Horizontal Alignment"
			type="String"
			group="Display">
			<possibleValue>left</possibleValue>
			<possibleValue>right</possibleValue>
		</property>
		<property
			id="valueDecimalPlaces"
			title="Value Decimal Places"
			type="int"
			group="Display">
			<possibleValue>0</possibleValue>
			<possibleValue>1</possibleValue>
			<possibleValue>2</possibleValue>
			<possibleValue>3</possibleValue>
			<possibleValue>4</possibleValue>
			<possibleValue>5</possibleValue>
			<possibleValue>6</possibleValue>
			<possibleValue>7</possibleValue>
			<possibleValue>8</possibleValue>
			<possibleValue>9</possibleValue>
		</property>
		<property
			id="valueSuffixText"
			title="Value Suffix"
			type="String"
			group="Display"
			bindable="true"/>
		<property
			id="valueSuffixPosition"
			title="Value Suffix Position"
			type="String"
			group="Display"
			>
			<possibleValue>superscript</possibleValue>
			<possibleValue>normal</possibleValue>
			<possibleValue>subscript</possibleValue>
		</property>
		<property
			id="valueSuffixCssClass"
			title="Value Suffix CSS Class"
			type="String"
			group="Display"
			bindable="true"/>
		<property
			id="footerText"
			title="Footer"
			type="String"
			group="Display"
			bindable="true"/>
		<property
			id="footerCssClass"
			title="Footer CSS Class"
			type="String"
			group="Display"
			bindable="true"/>
		<property
			id="footerHAlign"
			title="Footer Horizontal Alignment"
			type="String"
			group="Display">
			<possibleValue>left</possibleValue>
			<possibleValue>right</possibleValue>
		</property>
		<property
			id="onclick"
			title="On Click"
			type="ScriptText"
			group="Events"/>
		<initialization>
			<defaultValue property="LEFT_MARGIN">40</defaultValue>
			<defaultValue property="TOP_MARGIN">40</defaultValue>
			<defaultValue property="WIDTH">220</defaultValue>
			<defaultValue property="HEIGHT">190</defaultValue>
			<defaultValue property="headerText">Header</defaultValue>
			<defaultValue property="headerVisible">true</defaultValue>
			<defaultValue property="titleText">Title</defaultValue>
			<defaultValue property="valuePrefixText"></defaultValue>
			<defaultValue property="valuePrefixPosition">subscript</defaultValue>
			<defaultValue property="valueText">Value</defaultValue>
			<defaultValue property="valueSuffixText"> M$</defaultValue>
			<defaultValue property="valueSuffixPosition">subscript</defaultValue>
			<defaultValue property="valueHAlign">left</defaultValue>
			<defaultValue property="valueDecimalPlaces">0</defaultValue>
			<defaultValue property="footerText">Footer</defaultValue>
			<defaultValue property="footerHAlign">left</defaultValue>
		</initialization>
	</component>
</sdkExtension>
