<?xml version="1.0" encoding="UTF-8"?>
<sdkExtension
	xmlns="http://www.sap.com/bi/zen/sdk"
	id="com.sap.sample.maps"
	title="Design Studio SDK Extension Sample Maps"
	version="15.0"
	vendor="SAP">
	<component
		id="GoogleMaps"
		title="Google Maps"
		icon="res/icon.png"
		handlerType="div">
		<jsInclude>http://maps.googleapis.com/maps/api/js?key=INSERT_YOUR_GOOGLE_API_KEY_HERE&amp;sensor=false</jsInclude>
		<jsInclude>res/js/component.js</jsInclude>
		<property
			id="maptype"
			title="Map Type"
			type="String">
			<possibleValue>hybrid</possibleValue>
			<possibleValue>roadmap</possibleValue>
			<possibleValue>satellite</possibleValue>
			<possibleValue>terrain</possibleValue>
		</property>
		<property
			id="zoom"
			title="Zoom"
			type="int"
			bindable="true"/>
		<property
			id="onZoom"
			title="On Zoom"
			type="ScriptText"/>
		<initialization>
			<defaultValue property="LEFT_MARGIN">40</defaultValue>
			<defaultValue property="TOP_MARGIN">40</defaultValue>
			<defaultValue property="WIDTH">300</defaultValue>
			<defaultValue property="HEIGHT">200</defaultValue>
			<defaultValue property="maptype">roadmap</defaultValue>
			<defaultValue property="zoom">14</defaultValue>
		</initialization>
	</component>
	<component
		id="DataMap"
		title="Google Maps with Data"
		icon="res/icon.png"
		handlerType="div"
		databound="true">
		<jsInclude>http://maps.googleapis.com/maps/api/js?key=INSERT_YOUR_GOOGLE_API_KEY_HERE&amp;sensor=false</jsInclude>
		<jsInclude>res/js/component.js</jsInclude>
		<property
			id="addressdimension"
			title="Address Dimension"
			type="String"/>
		<property
			id="redmarker"
			title="Red Markers"
			type="ResultCellList"/>
		<property
			id="redscalingfactor"
			title="Red Scaling Factor"
			type="int"/>
		<property
			id="bluemarker"
			title="Blue Markers"
			type="ResultCellList"/>
		<property
			id="bluescalingfactor"
			title="Blue Scaling Factor"
			type="int"/>
		<initialization>
			<defaultValue property="LEFT_MARGIN">40</defaultValue>
			<defaultValue property="TOP_MARGIN">40</defaultValue>
			<defaultValue property="WIDTH">300</defaultValue>
			<defaultValue property="HEIGHT">200</defaultValue>
			<defaultValue property="redscalingfactor">10000</defaultValue>
			<defaultValue property="bluescalingfactor">10000</defaultValue>
		</initialization>
	</component>
</sdkExtension>
