<?xml version="1.0" encoding="UTF-8"?>
<sdkExtension
	xmlns="http://www.sap.com/bi/zen/sdk"
	id="com.sap.sample.timer"
	title="Design Studio SDK Extension Sample Timer"
	version="15.0"
	vendor="SAP">
	<component
		id="Timer"
		title="Timer"
		tooltip="Executes a Design Studio script in given time intervals"
		icon="res/icon.png"
		handlerType="div">
		<jsInclude>res/js/component.js</jsInclude>
		<cssInclude>res/css/component.css</cssInclude>
		<property
			id="millis"
			title="Interval in Milliseconds"
			type="int"
			bindable="true"/>
		<property
			id="onTimer"
			title="On Timer"
			type="ScriptText"
			group="Events"/>
		<property
			id="isRunning"
			title="IsRunning"
			type="String"
			visible="false"/>
		<property
			id="isShowIconInApplication"
			title="Show Icon in Application"
			type="boolean"
			visible="true"
			bindable="true"/>
		<initialization>
			<defaultValue property="LEFT_MARGIN">40</defaultValue>
			<defaultValue property="TOP_MARGIN">40</defaultValue>
			<defaultValue property="WIDTH">32</defaultValue>
			<defaultValue property="HEIGHT">32</defaultValue>
			<defaultValue property="millis">1000</defaultValue>
			<defaultValue property="isShowIconInApplication">true</defaultValue>
		</initialization>
	</component>
</sdkExtension>
