<?xml version="1.0" encoding="UTF-8"?>
<sdkExtension
	xmlns="http://www.sap.com/bi/zen/sdk"
	id="com.sap.sample.sparkline"
	title="Design Studio SDK Extension Sample Sparkline"
	version="15.0"
	vendor="SAP">
	<component
		id="Sparkline"
		title="Sparkline"
		icon="res/sparkline.png"
		handlerType="div"
		databound="true">
		<stdInclude kind="d3"/>
		<jsInclude>res/js/sparkline.js</jsInclude>
		<property
			id="data"
			title="Data Series"
			type="ResultCellList"
			group="DataBinding">
			<option name="fillMetadataProperty" value="false"/>
			<option name="includeTuples" value="false"/>
			<option name="includeResults" value="false"/>
		</property>
		<property
			id="css"
			title="CSS Style"
			type="String"
			bindable="true"/>
		<property
			id="onClick"
			title="on Click"
			type="ScriptText"
			group="Events"/>
		<initialization>
			<defaultValue property="LEFT_MARGIN">40</defaultValue>
			<defaultValue property="TOP_MARGIN">40</defaultValue>
			<defaultValue property="WIDTH">100</defaultValue>
			<defaultValue property="HEIGHT">10</defaultValue>
			<defaultValue property="css">stroke:steelblue;stroke-width:1;fill:none;</defaultValue>
		</initialization>
	</component>
</sdkExtension>
